id,region,host,genotype,sequence
BAX00158.1,ORF4,Ferret,nan,MSQPQGSTQPARPRPQRRRLPPLLMLRSYAPSCRILRPRFLLSFSPLCSLSLSPLLFGRIRYSALFMIFWRRTSAGRLAFAWRLVRILDLLMITPESHIDVFYRLMVEICSAGEIAREEVQQIISGVAFSQGAQLLICPFVRGDSHGVATMRQWGLPSTPSMIYIRVRLRQQCIAMACIHYML
AIP98383.1,ORF4,Rodent,unknown,MSPPRGLILLERPRLLRQRLPPLLMLRWFAPTCRILRPLSLLSFSPLCSLSLSPLFLGRIRYSALFIIFWRRTSGARLALAWRSVRTLGLLMSTPMSYTDAFSHLMVEICSAGEIARAAGRPITSAVAFLQGARLLIFPFAHVGSSAAGIMPRSASRSIPCTIYIRVRLPGQCVLMVCTLYML
UCR91748.1,ORF4,Hare,unknown,MSPPWGYRQLGRHRLQRPRLPRLLMLTWFARSCRMPRLRFLLNSFPLCNLSLNPLFFGRIRYSVLFIIFWRRTSVGRQALAWRLVRTLGLLMRMGPCYIDAFCLRMVGIDNAGRIAQEEARQIISAVLCWPIGPLLICLFVYEDLRIVVSMLRLALPCTLCTSYTLDRLLWL
BAO57186.1,ORF4,Ferret,nan,MSQPQGSTQPARPRPQRRRLPPLLMLRSYAPSCRILRPRFLLSFSPLCSLSLSPLLFGRIRYSALFMIFWRRTSVGRLAFAWRLVRILDLLMITPESHIDVFYHLTVEICSAGEIAREGVQLITSGVAFSQGARLLICPFVRGDSHGVATMRQWGLPSTPFMIYIRVRSRQQCIAMACIHYTL
QAU19545.1,ORF4,Human,unknown,MSPPRGLILLERPRQLQRLLPPLLMLRWYAPTCRILKPLYLLSFSPLCSLSLNPLFLGRIRYSVLFMIFWRRTSAERLALAWRSVRTLDLLMSTPMSYTDVSSRLTVEICSVGEIALGGDRLITSAVAFSQGARLLIFPFARVGSNAAGIMPRSALRFIPSTIYIRVRLPGRCVLMECTLYSL
YP_009506651.1,ORF4,Rodent,unknown,MSPPRGLILLERPRLLRRRLPPLLMLRWYAPTCRTLKPLSLLSSSPLCSLSLNPLFLGRIRYSALFIIFWKRMSGVRLAPAWRLVRTLDLLMSTPMSFTDVFFHLTVEICSAGEIARGAGRPTTSAVAFLQGALLLIFPFARVGSNAAGIMPRSASRCIPCTIYIRVRLPGQCVLMVCTLYLL
BAX00150.1,ORF4,Ferret,nan,MSQPQGSTQPARPRPQRRRLPPLLMLRSYAPSCRILRPRFLLSFSPLCSLSLSPLLFGRIRYSALFMIFWRRTSAGRLAFAWRLVRILDLLMITPEFHIDVFYRLMVEICSAGEIAREEVQQIISGVAFSQGAQLLICPFVRGDSHGVATMRQWGLPSTPSMIYIRVRLRQQCIAMACIHYML
QWN59212.1,ORF4,Rodent,unknown,MLLRQRMTHLLMLRWYAHTCRILKPLSLLSFSPLCSLSLNPLFLGRIRYSALFIIFWRRTSGARLALAWRSVRTLDLLMSTPMSYTDAFFHLMVEICSAGEIARDAGQLITSAVAFSQGARLLIFPFARVDLSAAGTTPKLVLRSTPCTIYIRVKLPGRCVLMVCTLYML
BAT70059.1,ORF4,Ferret,unknown,MSQPQGSIQPARPRPQRRRLPPLLMLRSYAPSCRILRPRFLLSFSPLCSLSLSPLLFGRIRYSALFMIFWRRTSVGRLAFAWRLVRILDLLMITPESHIDVFYHLTVEICSAGEIAREGVQLITSGVAFSQGARLLICPFVRGDSHGVATMRQWGLPSTPFMIYIRVRSRQQCIAMACIHYTL
QZE11841.1,ORF4,Rodent,unknown,MSPPRGLILLERPRPLRQRLPPLLMLRWYAPSCRILKPLCLLSFSPLCSLSLNPLFLGRIRYSVLFMIFWRRTSAERLALAWRSVRTLDLLMSMPMSYIDAFSRLTVEICSAGAIARDEGQLITSAVAFSQGARLLIFPFAHVGLNVVGIMPRLGSRFTPCTTYIRVRLPGQCVLMVCTLYML
AVP32820.1,ORF4,Rodent,unknown,MSPPWGYRQLGRHRLPRPRLPRLLMLTWFARSCRMPRLRFLLSSFPPCNLFLNQLFFGRIRYSALFIIFWRRTSAGRLALVWRLVRTLGLLMRMGPCYIDAFCRRMVGIDSAGRIAQDEARRITSAVLCWPIGPLLICLFVSEDLRIVGSMLRLALPSTRFMSCTLDRLLWL
BAX00162.1,ORF4,Ferret,nan,MSQPQGSTQPARPRPQRRRLPPLLMLRSYAPSCRILRPRFLLSFSPLCSLSLSPLLFGRIRYSALFMIFWRRTSAGRLAFAWRLVRILDLLMITPESHIDVFYRLMVEICSAGEIAREEVQQIISGVAFSQGAQLLICPFVRGDSHGVATMRQWGLPSTPSMIYIRVRLRQQCIAMACIHYML
BAX00154.1,ORF4,Ferret,nan,MSQPQGSTQPARPRPQRRRLPPLLMLRSYAPSCRILRPRFLLSFSPLCSLSLSPLLFGRIRYSALFMIFWRRTSAGRLAFAWRLVRILDLLMITPESHIDVFYRLMVEICSAGEIAREEVQQIISGVAFSQGAQLLICPFVRGDSHGVATMRQWGLPSTPSMIYIRVRLRQQCIAMACIHYML
BAX00146.1,ORF4,Ferret,nan,MSQPQGSTQPARPRPQRRRLPPLLMLRSYAPSCRILRPRFLLSFSPLCSLSLSPLLFGRIRYSALFMIFWRRTSAGRLAFAWRLVRILDLLMITPESHIDVFYRLMVEICSAGEIAREEVQQIISGVAFSQGAQLLICPFVRGDSHGVATMRQWGLPSTPSMIYIRVRLRQQCIAMACIHYML
BAO57190.1,ORF4,Ferret,nan,MSQPQGSTQPARPRPQRRRLPPLLMLRSYAPSCRILRPRFLLSFSPLCSLSLSPLLFGRIRYSALFMIFWRRTSVGRLAFAWRLVRILDLLMITPESHIDVFYHLTVEICSAGEIAREGVQLITSGVAFSQGARLLICPFVRGDSHGVATMRQWGLPSTPFMIYIRVRSRQQCIAMACIHYTL
BCG49791.1,ORF4,Rodent,nan,MSPPRGLILLGRPRLLRQRLPPLLMLRWFAPTCRILKLPCLLSFSPLCSLSLSPLFLGRIRYSVLFIIFWRRTSAARLALAWRSVRTLDLLMSMPMSFTDVSSRQTVEICSVGETVRGGAQLTTSAVAFLRGARLLIFPFAQMDSNAAAIMPTWESRCTPSTIYIRVRLPGLCVLMACTLYML
UDN81818.1,ORF4,Rodent,unknown,MSPPRGLILLGRPRPLRQRLPPLLMLRWFAPTCRILKLPCLLSFSPLCSLSLSPLFLGRIRYSVLFIIFWRRTSAARLALAWRSVRTLGLLMSTPMLFTDAFSRLTVEICNVGEIARGGAQLTTSAVAFSQGARLLIFPFAQMDSSVAAIMPTWGSRCTPSMIYIRVRLPGLCVLMACTLYML
BCG49795.1,ORF4,Shrew,nan,MSPPRGLTLLERPRLLRQRLPPLLMLRWYAPSCRILKPLFLLSFSPLCSLSLNPLFLGRIRYSVLFMIFWRRTSAARLALAWRSVRTLDLLMNMPMSYTDAFFHLMVEICSAGAIARGEDQLITSAVAFLQGARLLIFPFARVGSNAVGIMPRSGSRFTPCTTYIRVRLPGQCVLMVCTLYML
AVP32816.1,ORF4,Rodent,unknown,MCPPWGYRQLGRHRLPRPRLPRLLMLTWFARSCRMPRLRFLLSSFPPCNLFLNQLFFGRIRYSALSIIFWRRTSAGRLALVWRLVRTLGLLMRMGPCYIDAFCRRMVGIDSAGRIAQDEARRITSAVLCWPIGPLLICLFVSEDLRIAGSMLRLALPSTRFMSCTLDRLLWL
BAT70063.1,ORF4,Unknown,nan,MSQPQGSIQPARPRPQRRRLPPLLMLRSYAPSCRILRPRFLLSFSPLCSLSLSPLLFGRIRYSALFMIFWRRTSVGRLAFAWRLVRILDLLMITPESHIDVFYHLTVEICSAGEIAREGVQLITSGVAFSQGARLLICPFVRGDSHGVATMRQWGLPSTPFMIYIRVRSRQQCIAMACIHYTL
UDP83064.1,ORF4,Rodent,unknown,MSPPRGLTLLGRPRLLRQRLPPLLMLRWYAPTCRILKLPFLLSFSPLCSLSLSPLFLGRIRYSVLFIIFWRRTSAARLALAWRSVRTLDLLMSTPMSFTDAFSRLTVEICNVGEIARGGAQLTTSAVAFSQGARLLIFPFAQMDSNVVATMPMWGSRCIPSMICIRVRLPGLCVLMACTLYML
BCG49787.1,ORF4,Rodent,nan,MSPPRGLILLGRPRLLRQRLPPLLMLRWFAPTCRILKLPCLLSSFPLCSLSLSPLFLGRIRYSVLFIIFWRRTSAARLALAWRSVRTLGLLMSTPMSFTDVFSRLTVEICSVGEIVRGGAQLTTSAVAFLRGARLLIFPFARMDSSVAAIMPMWVSRCIPSTIYIRVKLPGLCVLMACTLYML
