id,region,host,genotype,host-genotype,sequence
QWN59212.1,ORF4,Rodent,unknown,Rodent-unknown,MLLRQRMTHLLMLRWYAHTCRILKPLSLLSFSPLCSLSLNPLFLGRIRYSALFIIFWRRTSGARLALAWRSVRTLDLLMSTPMSYTDAFFHLMVEICSAGEIARDAGQLITSAVAFSQGARLLIFPFARVDLSAAGTTPKLVLRSTPCTIYIRVKLPGRCVLMVCTLYML
UDN81818.1,ORF4,Rodent,unknown,Rodent-unknown,MSPPRGLILLGRPRPLRQRLPPLLMLRWFAPTCRILKLPCLLSFSPLCSLSLSPLFLGRIRYSVLFIIFWRRTSAARLALAWRSVRTLGLLMSTPMLFTDAFSRLTVEICNVGEIARGGAQLTTSAVAFSQGARLLIFPFAQMDSSVAAIMPTWGSRCTPSMIYIRVRLPGLCVLMACTLYML
BAX00158.1,ORF4,Ferret,,Ferret-nan,MSQPQGSTQPARPRPQRRRLPPLLMLRSYAPSCRILRPRFLLSFSPLCSLSLSPLLFGRIRYSALFMIFWRRTSAGRLAFAWRLVRILDLLMITPESHIDVFYRLMVEICSAGEIAREEVQQIISGVAFSQGAQLLICPFVRGDSHGVATMRQWGLPSTPSMIYIRVRLRQQCIAMACIHYML
BAO57190.1,ORF4,Ferret,,Ferret-nan,MSQPQGSTQPARPRPQRRRLPPLLMLRSYAPSCRILRPRFLLSFSPLCSLSLSPLLFGRIRYSALFMIFWRRTSVGRLAFAWRLVRILDLLMITPESHIDVFYHLTVEICSAGEIAREGVQLITSGVAFSQGARLLICPFVRGDSHGVATMRQWGLPSTPFMIYIRVRSRQQCIAMACIHYTL
BAX00146.1,ORF4,Ferret,,Ferret-nan,MSQPQGSTQPARPRPQRRRLPPLLMLRSYAPSCRILRPRFLLSFSPLCSLSLSPLLFGRIRYSALFMIFWRRTSAGRLAFAWRLVRILDLLMITPESHIDVFYRLMVEICSAGEIAREEVQQIISGVAFSQGAQLLICPFVRGDSHGVATMRQWGLPSTPSMIYIRVRLRQQCIAMACIHYML
BAX00150.1,ORF4,Ferret,,Ferret-nan,MSQPQGSTQPARPRPQRRRLPPLLMLRSYAPSCRILRPRFLLSFSPLCSLSLSPLLFGRIRYSALFMIFWRRTSAGRLAFAWRLVRILDLLMITPEFHIDVFYRLMVEICSAGEIAREEVQQIISGVAFSQGAQLLICPFVRGDSHGVATMRQWGLPSTPSMIYIRVRLRQQCIAMACIHYML
AVP32816.1,ORF4,Rodent,unknown,Rodent-unknown,MCPPWGYRQLGRHRLPRPRLPRLLMLTWFARSCRMPRLRFLLSSFPPCNLFLNQLFFGRIRYSALSIIFWRRTSAGRLALVWRLVRTLGLLMRMGPCYIDAFCRRMVGIDSAGRIAQDEARRITSAVLCWPIGPLLICLFVSEDLRIAGSMLRLALPSTRFMSCTLDRLLWL
BAO57186.1,ORF4,Ferret,,Ferret-nan,MSQPQGSTQPARPRPQRRRLPPLLMLRSYAPSCRILRPRFLLSFSPLCSLSLSPLLFGRIRYSALFMIFWRRTSVGRLAFAWRLVRILDLLMITPESHIDVFYHLTVEICSAGEIAREGVQLITSGVAFSQGARLLICPFVRGDSHGVATMRQWGLPSTPFMIYIRVRSRQQCIAMACIHYTL
QZE11841.1,ORF4,Rodent,unknown,Rodent-unknown,MSPPRGLILLERPRPLRQRLPPLLMLRWYAPSCRILKPLCLLSFSPLCSLSLNPLFLGRIRYSVLFMIFWRRTSAERLALAWRSVRTLDLLMSMPMSYIDAFSRLTVEICSAGAIARDEGQLITSAVAFSQGARLLIFPFAHVGLNVVGIMPRLGSRFTPCTTYIRVRLPGQCVLMVCTLYML
AIP98383.1,ORF4,Rodent,unknown,Rodent-unknown,MSPPRGLILLERPRLLRQRLPPLLMLRWFAPTCRILRPLSLLSFSPLCSLSLSPLFLGRIRYSALFIIFWRRTSGARLALAWRSVRTLGLLMSTPMSYTDAFSHLMVEICSAGEIARAAGRPITSAVAFLQGARLLIFPFAHVGSSAAGIMPRSASRSIPCTIYIRVRLPGQCVLMVCTLYML
BAT70059.1,ORF4,Ferret,unknown,Ferret-unknown,MSQPQGSIQPARPRPQRRRLPPLLMLRSYAPSCRILRPRFLLSFSPLCSLSLSPLLFGRIRYSALFMIFWRRTSVGRLAFAWRLVRILDLLMITPESHIDVFYHLTVEICSAGEIAREGVQLITSGVAFSQGARLLICPFVRGDSHGVATMRQWGLPSTPFMIYIRVRSRQQCIAMACIHYTL
BAT70063.1,ORF4,Unknown,,Unknown-nan,MSQPQGSIQPARPRPQRRRLPPLLMLRSYAPSCRILRPRFLLSFSPLCSLSLSPLLFGRIRYSALFMIFWRRTSVGRLAFAWRLVRILDLLMITPESHIDVFYHLTVEICSAGEIAREGVQLITSGVAFSQGARLLICPFVRGDSHGVATMRQWGLPSTPFMIYIRVRSRQQCIAMACIHYTL
YP_009506651.1,ORF4,Rodent,unknown,Rodent-unknown,MSPPRGLILLERPRLLRRRLPPLLMLRWYAPTCRTLKPLSLLSSSPLCSLSLNPLFLGRIRYSALFIIFWKRMSGVRLAPAWRLVRTLDLLMSTPMSFTDVFFHLTVEICSAGEIARGAGRPTTSAVAFLQGALLLIFPFARVGSNAAGIMPRSASRCIPCTIYIRVRLPGQCVLMVCTLYLL
QAU19545.1,ORF4,Human,unknown,Human-unknown,MSPPRGLILLERPRQLQRLLPPLLMLRWYAPTCRILKPLYLLSFSPLCSLSLNPLFLGRIRYSVLFMIFWRRTSAERLALAWRSVRTLDLLMSTPMSYTDVSSRLTVEICSVGEIALGGDRLITSAVAFSQGARLLIFPFARVGSNAAGIMPRSALRFIPSTIYIRVRLPGRCVLMECTLYSL
BCG49791.1,ORF4,Rodent,,Rodent-nan,MSPPRGLILLGRPRLLRQRLPPLLMLRWFAPTCRILKLPCLLSFSPLCSLSLSPLFLGRIRYSVLFIIFWRRTSAARLALAWRSVRTLDLLMSMPMSFTDVSSRQTVEICSVGETVRGGAQLTTSAVAFLRGARLLIFPFAQMDSNAAAIMPTWESRCTPSTIYIRVRLPGLCVLMACTLYML
BAX00162.1,ORF4,Ferret,,Ferret-nan,MSQPQGSTQPARPRPQRRRLPPLLMLRSYAPSCRILRPRFLLSFSPLCSLSLSPLLFGRIRYSALFMIFWRRTSAGRLAFAWRLVRILDLLMITPESHIDVFYRLMVEICSAGEIAREEVQQIISGVAFSQGAQLLICPFVRGDSHGVATMRQWGLPSTPSMIYIRVRLRQQCIAMACIHYML
UCR91748.1,ORF4,Hare,unknown,Hare-unknown,MSPPWGYRQLGRHRLQRPRLPRLLMLTWFARSCRMPRLRFLLNSFPLCNLSLNPLFFGRIRYSVLFIIFWRRTSVGRQALAWRLVRTLGLLMRMGPCYIDAFCLRMVGIDNAGRIAQEEARQIISAVLCWPIGPLLICLFVYEDLRIVVSMLRLALPCTLCTSYTLDRLLWL
